110,Alisha Solid Women's Cycling Shorts,999,379,Alisha
111,FabHomeDecor Fabric Double Sofa Bed,32157,22646,FabHomeDecor
112,AW Bellies,999,499,AW
113,Sicons All Purpose Arnica Dog Shampoo,220,210,Sicons
114,Eternal Gandhi Super Series Crystal Paper Weights  with Silver Finish,430,430,Eternal Gandhi
115,dilli bazaaar Bellies-Corporate Casuals,699,349,dilli bazaaar
116,Ladela Bellies,1724,950,Ladela
117,Carrel Printed Women's,2299,910,Carrel
118,Sicons All Purpose Tea Tree Dog Shampoo,,,Sicons
119,Freelance Vacuum Bottles 350 ml Bottle,699,699,Freelance
120,Style Foot Bellies,899,449,Style Foot
121,Sicons Conditioning Conditoner Dog Shampoo,110,100,Sicons
122,dongli Printed Boy's Round Neck T-Shirt,2400,1039,dongli
123,SWAGGA Women Clogs,1500,1500,SWAGGA
124,Kennel Rubber Dumbell With Bell - Small Rubber Rubber Toy For Dog,190,190,Kennel
125,Glus Wedding Lingerie Set,1299,699,
126,Veelys Shiny White Quad Roller Skates - Size 4.5 UK,3199,2499,
127,Bulaky vanity case Jewellery Vanity Case,499,390,
128,FDT Women's Leggings,699,309,
129,Madcaps C38GR30 Men's Cargos,2199,1699,
130,Bengal Blooms Rose Artificial Plant  with Pot,799,579,Bengal Blooms
131,Indcrown Net Embroidered Semi-stitched Lehenga Choli Material,999,699,Indcrown
132,Shopmania Music Band A5 Notebook Spiral Bound,499,275,Shopmania
133,"Tiara Diaries 2016-2017 Designer LA Kaarta ""TAKING ACTION GETTING RESULT"" (Set of 3) B5 Notebook Hard Bound",1000,837,Tiara Diaries
134,KAJCI Embroidered Women's Waistcoat,1200,699,KAJCI
135,Packman 8 x 10 inches Security Bags Without POD Jacket Courier Bag Security Bag,350,298,Packman
136,Pick Pocket Embroidered Women's Waistcoat,899,899,Pick Pocket
137,Angelfish Silk Potali Potli,999,399,Angelfish
138,Oye Boy's Dungaree,899,764,Oye
139,Nuride Canvas Shoes,1999,1349,Nuride
140,OM SHIVAKRITI Square wall Clock Showpiece  -  38.1 cm,1499,1499,OM SHIVAKRITI
141,Himmlisch ST381 Magnetic Sun Shade For Maruti Alto,6999,1899,Himmlisch
142,Rapter BNC-179 BNC Wire Connector,2299,1400,Rapter
143,Vishudh Printed Women's Anarkali Kurta,2099,1049,Vishudh
144,BuildTrack PIR Wireless Motion Sensor - One Switch Control Wireless Sensor Security System,6500,5000,BuildTrack
145,Skayvon SUMMERSIBLE SINGLE PHASE PUMP CONTROLLER Wired Sensor Security System,9990,4990,Skayvon
146,Rapter BNC-047 BNC Wire Connector,1299,899,Rapter
147,Skayvon SUBMERSIBBLE THREE PHASE PUMP CONTROLLER Wired Sensor Security System,8999,4990,Skayvon
148,Behringer Xenyx 502 Analog Sound Mixer,10000,6600,Behringer
149,Roadster Men's Zipper Solid Cardigan,1399,699,Roadster
150,Noor Embroidered Women's Straight Kurta,1649,849,Noor
151,Vishudh Printed Women's Straight Kurta,899,449,Vishudh
152,Libas Printed Women's A-line Kurta,899,449,Libas
153,Libas Printed Women's Anarkali Kurta,1849,924,Libas
154,MASARA Solid Women's Straight Kurta,999,499,MASARA
155,HRS ULTIMATE BOY Chest Pads,440,395,HRS
156,Vermello Men Casual Brown Genuine Leather Belt,1495,795,Vermello
157,HRS CLUB BOY Thigh Pads,280,250,HRS
158,Ligans NY Men Formal Black Genuine Leather Belt,795,695,Ligans NY
159,Elegance Polyester Multicolor Abstract Eyelet Door Curtain,1899,899,Elegance
160,Liza Women Wedges,1990,1393,Liza
161,HRS ULTIMATE BOY Elbow Pads,250,230,HRS
162,Sathiyas Cotton Bath Towel,600,449,Sathiyas
163,HRS ULTIMATE MEN Chest Pads,440,395,HRS
164,Eurospa Cotton Terry Face Towel Set,,,Eurospa
165,SANTOSH ROYAL FASHION Cotton Printed King sized Double Bedsheet,2699,1299,SANTOSH ROYAL FASHION
166,CASEDEAL Microsoft Nokia lumia x2 Back Panel,1999,380,CASEDEAL
167,Mario Gotze Women's Printed Casual Orange Shirt,1499,899,Mario Gotze
168,Shilpi NHSCN003 Coin Bank,900,650,Shilpi
169,Jaipur Print Cotton Floral King sized Double Bedsheet,2599,698,Jaipur Print
170,Babeezworld Dungaree Baby Boy's  Combo,999,499,Babeezworld
171,Redbag Eight Armed Goddess Sherawali Maa Showpiece  -  10.8 cm,1600,1200,Redbag
172,Proence Weight Gainers,1025,949,Proence
173,Discountgod Men's Checkered Casual Shirt,750,590,Slim
174,Silver Streak Men's Printed Casual Denim Shirt,1299,599,Slim
175,Cobra Paris CO6394A1 Analog Watch  - For Men & Boys,18995,15195,
176,TEN TEN Women's Black Knee Length Boots Boots,4995,1995,
177,Aries Gold G 729 S-BK Analog Watch  - For Men & Boys,13699,13099,
178,Carlton Boots,3495,1223,
179,Maserati Time R8851116001 Analog Watch  - For Boys,24400,24400,
180,Vizion 8503B-1RED Cold Light Digital Watch  - For Boys & Girls,1095,595,
181,Camerii WM64 Elegance Analog Watch  - For Men & Boys,1099,449,
182,Reckler Slim Fit Men's Jeans,5398,2599,Slim
183,Quechua Arpenaz Novadry Boots,2499,2250,
184,Colat COLAT_MW20 Sheen Analog Watch,3999,849,
185,Steppings Trendy Boots,1799,719,
